<?xml version="1.0" encoding="UTF-8" standalone="yes"?>
<addon id="plugin.video.lttateam" name="LTTATEAM" version="0.3.1" provider-name="LTTATEAM">
  <requires>
    <import addon="xbmc.python" version="3.0.0" />
    <import addon="script.module.requests" version="2.22.0+matrix.1" />
  </requires>
  <extension point="xbmc.addon.metadata">
    <summary lang="en_GB">LTTATEAM in KODI</summary>
    <description lang="en_GB">LTTATEAM in KODI</description>
    <disclaimer lang="en_GB"></disclaimer>
    <language>en</language>   
    <platform>all</platform>
    <website>http://lttateam.com</website>    
    <news>v0.0.1 (01/02/2021)
      [new] initial
    </news>
    <assets>
      <icon>resources/ltta.png</icon>
      <fanart>resources/fanart.png</fanart>
      <banner></banner>
      <clearlogo>resources/ltta.png</clearlogo>
    </assets>
  </extension>
  <extension point="xbmc.service" library="service.py" />
  <extension point="xbmc.python.pluginsource" library="gotosettings.py">
    <provides>video</provides>
</extension>
</addon>
